arabidopsis,LOC103874474
AT2G28305,0.4381885944386088
AT2G37210,0.6333657690663006
AT3G53450,0.6649994744615269
AT4G03940,0.8374649324666887
AT4G35190,0.5308812888927956
AT5G03270,0.6393478890894428
AT5G06300,0.4685872567709494
AT5G11950,0.6488108878844496
