arabidopsis,LOC11419536
AT1G50575,0.7462064600193631
AT2G28305,0.6303434347778822
AT2G37210,0.575355729028451
AT3G53450,0.6092084127456506
AT4G35190,0.5196082292517149
AT5G03270,0.4978496257766039
AT5G06300,0.5425752294699069
AT5G11950,0.7829856167788909
