arabidopsis,LOC103430070
AT1G50575,0.8391807705297574
AT2G28305,0.6584477888256526
AT2G37210,0.5958080919432378
AT3G53450,0.4471690799578194
AT4G35190,0.3838781666862221
AT5G03270,0.6165147961250939
AT5G06300,0.4805705738751881
AT5G11950,0.754570898871932
