arabidopsis,LOC100243479
AT1G50575,0.7492158456799072
AT2G28305,0.6443329549736757
AT2G37210,0.6999392003194831
AT3G53450,0.8163658681379745
AT4G35190,0.7711973913467187
AT5G03270,0.5920899070754667
AT5G06300,0.781263058606807
AT5G11950,0.868672327598285
