tomato,LOC11419536
LOC101246083,0.70568748024332
LOC101252798,0.7156873790424703
LOC101255512,0.8539975453934727
LOC101262778,0.6307923878963928
LOG6,0.7690107220637441
LOG7,0.7269843452478869
LOG8,0.6740594080735084
TLOG1,0.4332087981217042
